scopus_id,title,authors,publication_name,cover_date,doi,keywords,abstract,citation_count,subject_areas,document_type
105008718274,Artificial Intelligence-assisted Endoscopy and Examiner Confidence: A Study on Human–Artificial Intelligence Interaction in Barrett's Esophagus (With Video),Roser D.,Den Open,2026-04-01,10.1002/deo2.70150,,,0,Article,Article
105004352677,Effects of artificial intelligence assistance on endoscopist performance: Comparison of diagnostic performance in superficial esophageal squamous cell carcinoma detection using video-based models,Aoyama N.,Den Open,2026-04-01,10.1002/deo2.70083,,,0,Article,Article
105009896648,Shock-induced deformation and spallation of TiZrNb refractory multi-principal element alloy subjected to plate impact loadings,Ma X.,Journal of Materials Science and Technology,2026-03-10,10.1016/j.jmst.2025.04.067,,,0,Article,Article
105009636125,AI-Driven Strategies for Supply Chain Resilience: A Review of Challenges and Solutions During Pandemics,Salehi A.,International Journal of Engineering Transactions B Applications,2026-03-01,10.5829/ije.2026.39.03c.03,,,0,Review,Review
105009339401,Model distillation driven machine learning for automatic microstructure detection and segmentation,Zheng Z.,Journal of Materials Science and Technology,2026-03-01,10.1016/j.jmst.2025.04.045,,,0,Article,Article
105007802538,AIGC-empowered smart manufacturing: Prospects and challenges,Leng J.,Robotics and Computer Integrated Manufacturing,2026-02-01,10.1016/j.rcim.2025.103076,,,0,Article,Article
105007501903,Biomass materials and their derivatives for electromagnetic interference shielding: A review,Wang L.,Journal of Materials Science and Technology,2026-02-01,10.1016/j.jmst.2025.04.019,,,1,Review,Review
105010170470,Grid-to-Robot: Deep Wasserstein generative modeling of robot/power grid interaction using hybrid adversarial Residual Networks,Safari A.,Robotics and Computer Integrated Manufacturing,2026-02-01,10.1016/j.rcim.2025.103086,,,0,Article,Article
105007139742,"Generative Adversarial Networks: A Systematic Review of Characteristics, Applications, and Challenges in Financial Data Generation and Market Modeling: 2019-2024",Wilson D.,International Journal of Engineering Transactions B Applications,2026-02-01,10.5829/IJE.2026.39.02B.09,,,0,Review,Review
105009912799,"A new, cost-efficient modular sensor platform for IoT and predictive maintenance in industrial applications",Dera P.,Journal of Computational and Applied Mathematics,2026-02-01,10.1016/j.cam.2025.116777,,,0,Article,Article
105009591074,Higher differentiability of minimizers for non-autonomous orthotropic functionals,Russo S.,Nonlinear Analysis Real World Applications,2026-02-01,10.1016/j.nonrwa.2025.104450,,,0,Article,Article
105010231804,Dual-regularized mixed spatial attention network for breast MRI classification: dataset and methodology,Huang Z.,Pattern Recognition,2026-02-01,10.1016/j.patcog.2025.112039,,,0,Article,Article
105010225404,Financial cost optimization of urban water resource scheduling using genetic algorithms: A metaheuristic approach,Chen Q.,Expert Systems with Applications,2026-01-15,10.1016/j.eswa.2025.128617,,,0,Article,Article
105010308704,An AI-optimized strategy for intelligent risk mapping of Islamic and conventional sustainable markets: Assessing the enduring dynamics of technological risk spillovers,Ghaemi Asl M.,Expert Systems with Applications,2026-01-15,10.1016/j.eswa.2025.128945,,,0,Article,Article
105010061205,Dynamic sanctioning mechanism for cooperative multi-agent systems,Liu L.,Expert Systems with Applications,2026-01-15,10.1016/j.eswa.2025.128873,,,0,Article,Article
105005948066,Artificial intelligence enabled microstructure prediction in Al alloy castings,Hou Q.,Journal of Materials Science and Technology,2026-01-10,10.1016/j.jmst.2025.02.093,,,0,Article,Article
105009326908,When explainable artificial intelligence meets data governance: Enhancing trustworthiness in multimodal gas classification,Utomo S.,Information Fusion,2026-01-01,10.1016/j.inffus.2025.103440,,,0,Article,Article
105009422864,Validation Study Comparing Artificial Intelligence for Fully Automatic Aortic Aneurysms Segmentation and Diameter Measurements on Contrast and Noncontrast Enhanced Computed Tomography: A la mémoire de Lucie Salomon du Mont (In memory of Lucie Salomon du Mont),Gatinot A.,Annals of Vascular Surgery,2026-01-01,10.1016/j.avsg.2025.05.045,,,0,Article,Article
105009268609,Reinforcement Learning based collaborative DNN inference for edge intelligence,Ghamri M.A.,Future Generation Computer Systems,2026-01-01,10.1016/j.future.2025.107942,,,0,Article,Article
105010331068,Modal-NexT: Towards unified heterogeneous cellular data integration,Tang Z.,Information Fusion,2026-01-01,10.1016/j.inffus.2025.103479,,,0,Article,Article
105010301777,Machine learning-based voltage fault ride-through assessment of inverter-based resources using phasor measurement units,Pinzón J.D.,Renewable Energy,2026-01-01,10.1016/j.renene.2025.123902,,,0,Article,Article
105005839566,Artificial Intelligence-based Bayesian Optimization And Transformer Model For Tennis Motion Recognition,Shi S.,Journal of Applied Science and Engineering,2026-01-01,10.6180/jase.202601_29(1).0017,,,0,Article,Article
105009863128,Deep learning on edge and cloud for intelligent monitoring and decision making in artificial pancreas,Kalita D.,Expert Systems with Applications,2026-01-01,10.1016/j.eswa.2025.128833,,,0,Review,Review
105009414674,SpAIware: Uncovering a novel artificial intelligence attack vector through persistent memory in LLM applications and agents,Herrador M.,Future Generation Computer Systems,2026-01-01,10.1016/j.future.2025.107994,,,0,Article,Article
105009514229,MatchNav: LLM-based enhanced description and instruction matching in vision-and-language navigation,Wang C.,Information Fusion,2026-01-01,10.1016/j.inffus.2025.103444,,,0,Article,Article
105009734874,Non-uniform spiking touch sensor for classification of movement patterns using neural networks,Markiewicz M.,Expert Systems with Applications,2026-01-01,10.1016/j.eswa.2025.128866,,,0,Article,Article
105009840882,Harnessing microalgae and cyanobacteria for sustainable bioenergy Production: Integration of molecular engineering and AI-driven approaches,Thajuddin F.,Renewable Energy,2026-01-01,10.1016/j.renene.2025.123961,,,0,Article,Article
105010187612,Multi-objective optimization of orifice-shaped cathode flow field design in polymer electrolyte membrane fuel cells,Park R.,Renewable Energy,2026-01-01,10.1016/j.renene.2025.123952,,,0,Article,Article
105008870808,Quality assessment of GPT-3.5 and Gemini 1.0 Pro for SQL syntax,Rosca C.M.,Computer Standards and Interfaces,2026-01-01,10.1016/j.csi.2025.104041,,,0,Article,Article
105009594375,"Bioinspired multifunctional antifogging surfaces: Progress, AI design and challenges",Gao H.,Progress in Materials Science,2026-01-01,10.1016/j.pmatsci.2025.101530,,,0,Review,Review
105010137905,Success factors for standards during the technology life cycle,van de Kaa G.,Computer Standards and Interfaces,2026-01-01,10.1016/j.csi.2025.104043,,,0,Article,Article
105007598545,A survey of fragile model watermarking,Gao Z.,Signal Processing,2026-01-01,10.1016/j.sigpro.2025.110088,,,0,Review,Review
105010228844,Computation- and process-based design for advanced structural high-entropy alloy development and analyses: A critical review,Toor Z.S.,Progress in Materials Science,2026-01-01,10.1016/j.pmatsci.2025.101534,,,0,Review,Review
105009430421,Multistability and global attractivity for fractional-order spiking neural networks,Zhang S.,Applied Mathematics and Computation,2026-01-01,10.1016/j.amc.2025.129617,,,0,Article,Article
105010313793,Design and application of flexible wearable sensors based on optical fibers,Hou Z.,Talanta,2026-01-01,10.1016/j.talanta.2025.128576,,,0,Review,Review
105007551929,Aspect-level sentiment analysis based on graph convolutional networks and interactive aggregate attention,Wu Y.,Computer Speech and Language,2026-01-01,10.1016/j.csl.2025.101819,,,0,Article,Article
105008338768,Capacity estimation of Lithium-ion batteries through a Machine Learning approach,Barcellona S.,Mathematics and Computers in Simulation,2026-01-01,10.1016/j.matcom.2025.05.022,,,0,Article,Article
105009697187,Novel machine learning unlocks high lipid productivity and resolves trade-offs in algal biofuel production,Lopez A.M.,Renewable Energy,2026-01-01,10.1016/j.renene.2025.123901,,,0,Article,Article
105009972431,Knowledge fusion in deep learning-based medical vision-language models: A review,Xu D.,Information Fusion,2026-01-01,10.1016/j.inffus.2025.103455,,,0,Article,Article
105009616099,Actively masked reasoning over knowledge graphs for fault diagnosis under insufficient information condition,Li X.,Expert Systems with Applications,2026-01-01,10.1016/j.eswa.2025.128854,,,0,Article,Article
105010190344,SPSNet: A spiking neural network with relation graphs for sleep stage classification based on polysomnography,Pan Y.,Biomedical Signal Processing and Control,2026-01-01,10.1016/j.bspc.2025.108227,,,0,Article,Article
105009605019,Ensuring secure conversational commerce: Anomaly detection in chatbot interactions,Kumar A.,Expert Systems with Applications,2026-01-01,10.1016/j.eswa.2025.128769,,,0,Article,Article
105009491561,"A novel hybrid photovoltaic current prediction model utilizing singular spectrum analysis, adaptive beluga whale optimization, and improved extreme learning machine",Ridha H.M.,Renewable Energy,2026-01-01,10.1016/j.renene.2025.123878,,,0,Article,Article
85193737259,Application of deep learning algorithms in classification and localization of implant cutout for the postoperative hip,Tan J.R.,Skeletal Radiology,2026-01-01,10.1007/s00256-024-04692-6,,,2,Article,Article
105009698355,Multi-Scale Data Fusion and AdaptiveLoss Kolmogorov–Arnold Network for multivariate time series forecasting,Liu J.,Information Fusion,2026-01-01,10.1016/j.inffus.2025.103454,,,0,Article,Article
105008547207,RFMSU: A multivariate symmetrical uncertainty-based random forest,García-Torres M.,Pattern Recognition,2026-01-01,10.1016/j.patcog.2025.111939,,,0,Article,Article
105009028007,"An optimized machine learning framework for prediction of coal abrasive index: Leveraging supervised learning, metaheuristic optimization, and interpretability analysis",Qi H.,Fuel,2026-01-01,10.1016/j.fuel.2025.136065,,,0,Article,Article
105010332622,Stroke prediction algorithm based on 3D convolutional neural network for CT scans in patients with atrial fibrillation,Hsu W.Y.,Biomedical Signal Processing and Control,2026-01-01,10.1016/j.bspc.2025.108338,,,0,Article,Article
105008509926,Stock investment selection via time series subpatterns and multi-relationship fusion,Shi Y.,Pattern Recognition,2026-01-01,10.1016/j.patcog.2025.111919,,,0,Article,Article
105008999040,The Dynamic Correlation Between News Sentiment And Housing Price Volatility: A Heterogeneity Perspective,Liu Y.,Journal of Applied Science and Engineering,2026-01-01,10.6180/jase.202602_29(2).0007,,,0,Article,Article
105009598983,Market dynamics and E-commerce satisfaction in China's aquatic food sector: Machine learning and data insights,Budhathoki M.,Aquaculture,2026-10-30,10.1016/j.aquaculture.2025.742904,,,0,Article,Article
105008955231,Enhanced deep OC-SORT with YOLOv8-seg for robust fry tracking and behavior analysis in aquaculture,Xi C.,Aquaculture,2026-10-30,10.1016/j.aquaculture.2025.742887,,,0,Article,Article
105010026022,Achieving superior corrosion resistance in HVAF-sprayed Fe-based amorphous alloy coatings through data-driven machine learning,Gao T.,Journal of Materials Science and Technology,2026-03-10,10.1016/j.jmst.2025.04.073,,,0,Article,Article
105009338490,Geometric feature-based machine learning-assisted exploration of ort-M2B2 structures for room-temperature hydrogen storage,Peng T.,Journal of Materials Science and Technology,2026-03-01,10.1016/j.jmst.2025.04.060,,,0,Article,Article
105009637201,A Hybrid Ensemble Framework for Smart Irrigation: Optimizing Water Management in Precision Agriculture,Bastam M.,International Journal of Engineering Transactions B Applications,2026-03-01,10.5829/ije.2026.39.03c.12,,,0,Article,Article
105010041444,An Improved IDS Method Using the Giza Pyramids in IoT Networks,Mehrabinejad A.,International Journal of Engineering Transactions B Applications,2026-03-01,10.5829/ije.2026.39.03c.18,,,0,Article,Article
105009642096,Determining the Endurance Limit of Oil and Gas Steels Based on Software-assisted Indentation Testing Results,Shchipachev A.M.,International Journal of Engineering Transactions B Applications,2026-03-01,10.5829/ije.2026.39.03c.09,,,0,Article,Article
105007519589,Artificial neural network based stamping process design for three-point bending,Alhalaybeh T.S.,Acta Mechanica Sinica Lixue Xuebao,2026-03-01,10.1007/s10409-025-24895-x,,,0,Article,Article
105008432526,Machine learning-assisted prediction and optimization of electrocatalytic activity,Song H.,Journal of Materials Science and Technology,2026-02-20,10.1016/j.jmst.2025.04.050,,,0,Review,Review
105008209484,A machine learning strategy to achieve dual-synchronous property improvement of aviation Al-Cu-Mg alloy,Hu H.,Journal of Materials Science and Technology,2026-02-10,10.1016/j.jmst.2025.04.036,,,0,Article,Article
105008943002,Effects of Guilu Erxian Glue on gut microbiota in rats with knee osteoarthritis: machine learning and 16S rDNA analysis,Gu F.,Chinese Journal of Tissue Engineering Research,2026-02-08,10.12307/2025.933,,,0,Article,Article
105008779739,Examination of Machine Learning Algorithms in Diagnosis of Neurological and Mental Diseases,Hamidi H.,International Journal of Engineering Transactions B Applications,2026-02-01,10.5829/ije.2026.39.02b.14,,,0,Review,Review
105009591466,Machine learning to discover discrete fractional chaotic models,Wu G.C.,Journal of Computational and Applied Mathematics,2026-02-01,10.1016/j.cam.2025.116869,,,0,Article,Article
105008794669,Early breast cancer prediction using optimized machine learning and tumor-immune modeling,Okundalaye O.O.,Journal of Computational and Applied Mathematics,2026-02-01,10.1016/j.cam.2025.116875,,,0,Article,Article
105008792567,Integrated dynamic scheduling method for hybrid flow shop with machine preventive maintenance based on cooperative multi-agent deep reinforcement learning,Liu S.,Robotics and Computer Integrated Manufacturing,2026-02-01,10.1016/j.rcim.2025.103085,,,0,Article,Article
105009102152,Leveraging pre-trained models for kernel machines,Chen Y.,Pattern Recognition,2026-02-01,10.1016/j.patcog.2025.111961,,,0,Article,Article
105008517999,Machine learning to manage retrial queueing system M/G/1/N under F-policy with discouraged customers and fuzzy costs and its implementation in medical centers,Sanga S.S.,Journal of Computational and Applied Mathematics,2026-02-01,10.1016/j.cam.2025.116843,,,0,Article,Article
105009381319,Structure anchor graph learning for multi-view clustering,Guo W.,Pattern Recognition,2026-02-01,10.1016/j.patcog.2025.111880,,,0,Article,Article
105009611380,MDGP-forest: A novel deep forest for multi-class imbalanced learning based on multi-class disassembly and feature construction enhanced by genetic programming,Lin Z.,Pattern Recognition,2026-02-01,10.1016/j.patcog.2025.112070,,,0,Article,Article
105009295596,Domain-invariant representation learning via SAM for blood cell classification,Li Y.,Pattern Recognition,2026-02-01,10.1016/j.patcog.2025.112000,,,0,Article,Article
105010142281,Enhancing robustness and efficiency of least square twin SVM via granular computing,Tanveer M.,Pattern Recognition,2026-02-01,10.1016/j.patcog.2025.112021,,,0,Article,Article
105009633655,From words to growth: Unveiling government attention to tourism from natural language processing,Yang L.,Tourism Management,2026-02-01,10.1016/j.tourman.2025.105264,,,0,Article,Article
105009135630,Learning embedded label-specific features for partial multi-label learning,Xu X.,Pattern Recognition,2026-02-01,10.1016/j.patcog.2025.112005,,,0,Article,Article
105007544984,Uncertainty-aware multi-objective optimization for high work output and low hysteresis in TiNiCuHfCo shape memory alloys,Wang Y.,Journal of Materials Science and Technology,2026-02-01,10.1016/j.jmst.2025.03.095,,,0,Article,Article
105007620255,Empowering natural human–robot collaboration through multimodal language models and spatial intelligence: Pathways and perspectives,Wu D.,Robotics and Computer Integrated Manufacturing,2026-02-01,10.1016/j.rcim.2025.103064,,,0,Review,Review
105009722690,ST-KeyS: Self-supervised Transformer for Keyword Spotting in historical handwritten documents,Khamekhem Jemni S.,Pattern Recognition,2026-02-01,10.1016/j.patcog.2025.112036,,,0,Article,Article
105008792488,Supervised incremental feature selection using regularization vector for dynamic multi-scale interval valued datasets,Feng Z.,Pattern Recognition,2026-02-01,10.1016/j.patcog.2025.111985,,,0,Article,Article
105010156189,TPFS: A three-phase heuristic feature selection algorithm for large-scale sample datasets,Su H.,Pattern Recognition,2026-02-01,10.1016/j.patcog.2025.112084,,,0,Article,Article
105008154378,A green and efficient disassembly line balancing with human-robot collaboration and destructive disassembly,Zhang W.,Robotics and Computer Integrated Manufacturing,2026-02-01,10.1016/j.rcim.2025.103081,,,0,Article,Article
105009971270,"Enhancing industrial human action recognition framework integrating skeleton data acquisition, data repair and optimized graph convolutional networks",Liu B.,Robotics and Computer Integrated Manufacturing,2026-02-01,10.1016/j.rcim.2025.103089,,,0,Article,Article
105006880227,Machine learning-based interatomic potential for simulating irradiation damage mechanisms in ZrC,Ding C.j.,Journal of Materials Science and Technology,2026-01-20,10.1016/j.jmst.2025.02.098,,,0,Article,Article
105009720745,Prediction and optimization of coal ash flow temperature using machine learning approaches,Liu X.,Fuel,2026-01-15,10.1016/j.fuel.2025.136115,,,0,Article,Article
105009728623,Fast predictions of plasma-assisted NH3/air combustion based on model downscaling and machine learning coupled with kinetics mechanism,Cao R.,Fuel,2026-01-15,10.1016/j.fuel.2025.136176,,,0,Article,Article
105010108583,Machine learning and SHapley Additive exPlanations to predict product characteristics from coal and plastic co-pyrolysis,Weng J.,Fuel,2026-01-15,10.1016/j.fuel.2025.136238,,,0,Article,Article
105010003481,Development and validation of interpretable machine learning models for photovoltaic panel temperature prediction,Ren B.,Expert Systems with Applications,2026-01-15,10.1016/j.eswa.2025.128952,,,0,Article,Article
105009854965,Machine learning–accelerated discovery of novel high‑entropy spinel oxide cathodes for solid oxide fuel cells,Ma B.,Fuel,2026-01-15,10.1016/j.fuel.2025.136190,,,0,Article,Article
105009798541,Interpretable machine learning for predicting and evaluating hydrogen production from supercritical water gasification of coal,Tian J.,Fuel,2026-01-15,10.1016/j.fuel.2025.136173,,,0,Article,Article
105008330878,A novel softmax method for solving second Benney-Luke equation,Tuan N.M.,Journal of Computational and Applied Mathematics,2026-01-15,10.1016/j.cam.2025.116791,,,0,Article,Article
105010331376,A modified domain adversarial approach based on model and data-driven for bearing fault diagnosis,Zhang N.,Expert Systems with Applications,2026-01-15,10.1016/j.eswa.2025.128970,,,0,Article,Article
105006660141,Adsorption behavior and surface modification of metal atoms on AlGaN surfaces with multiple configurations: First principle calculation assisted by machine learning,Wu X.,Journal of Materials Science and Technology,2026-01-10,10.1016/j.jmst.2025.03.074,,,0,Article,Article
105009977731,Optimizing super-feature selection for machine learning-enhanced spectroscopic analysis in biomedical research,Zhong J.,Spectrochimica Acta Part A Molecular and Biomolecular Spectroscopy,2026-01-05,10.1016/j.saa.2025.126639,,,0,Article,Article
105010000363,Detection of bone infections using Vis-NIR and SWIR hyperspectral imaging coupled with machine learning,Kampik L.,Spectrochimica Acta Part A Molecular and Biomolecular Spectroscopy,2026-01-05,10.1016/j.saa.2025.126652,,,0,Article,Article
105009831701,Machine learning-assisted SERS-based dual-aptamer biosensor for ultrasensitive clinical screening of breast cancer,Xia H.,Spectrochimica Acta Part A Molecular and Biomolecular Spectroscopy,2026-01-05,10.1016/j.saa.2025.126640,,,0,Article,Article
105010147701,Modular calibration board for automated calibration of hyperspectral cameras,Andersen M.S.,Spectrochimica Acta Part A Molecular and Biomolecular Spectroscopy,2026-01-05,10.1016/j.saa.2025.126608,,,0,Article,Article
105009633086,Optimizing stock price forecasting: a hybrid approach using fuzziness and automated machine learning,Timko J.,Expert Systems with Applications,2026-01-01,10.1016/j.eswa.2025.128844,,,0,Article,Article
105007699733,Multi-omic and quantum machine learning integration for lung subtypes classification,Saggi M.K.,Future Generation Computer Systems,2026-01-01,10.1016/j.future.2025.107905,,,1,Article,Article
105008997268,Reinforcement Learning-driven Mechanism Study Of Ecological Compensation To Suppress Carbon Lock-in,Zhou Y.,Journal of Applied Science and Engineering,2026-06-15,10.6180/jase.202602_29(2).0006,,,0,Article,Article
105009642923,Deep Learning- based Smart Traffic Prediction for Enhanced Quality of Service in Software-defined Networking,Mahdi A.,International Journal of Engineering Transactions B Applications,2026-03-01,10.5829/ije.2026.39.03c.14,,,0,Article,Article
105009983667,Automatic body temperature detection of group-housed piglets based on infrared and visible image fusion,Cuan K.,Artificial Intelligence in Agriculture,2026-03-01,10.1016/j.aiia.2025.06.008,,,0,Article,Article
105009425978,A survey on image compressive sensing: From classical theory to the latest explicable deep learning,Zhao L.,Pattern Recognition,2026-02-01,10.1016/j.patcog.2025.112022,,,0,Review,Review
105009881724,IDEAL: Independent domain embedding augmentation learning,Yang Z.,Pattern Recognition,2026-02-01,10.1016/j.patcog.2025.112024,,,0,Article,Article
105009874484,Boosting zero-shot learning through neuro-symbolic integration,Manigrasso F.,Pattern Recognition,2026-02-01,10.1016/j.patcog.2025.111869,,,0,Article,Article
105009504766,Unbalanced episode meta-learning with Bi-Sparse contrastive network for hyperspectral target detection,Liu Q.,Pattern Recognition,2026-02-01,10.1016/j.patcog.2025.112030,,,0,Article,Article
105009427038,A modeling and adaptive evolution method for simulation parameters of digital twin shop floor,Zhang L.,Robotics and Computer Integrated Manufacturing,2026-02-01,10.1016/j.rcim.2025.103090,,,0,Article,Article
105009035359,SpIRL: Spatially-aware image representation learning under the supervision of relative position descriptors,Servant L.,Pattern Recognition,2026-02-01,10.1016/j.patcog.2025.112013,,,0,Article,Article
105009426811,Deep matrix factorization with adaptive weights for multi-view clustering,Khalafaoui Y.,Pattern Recognition,2026-02-01,10.1016/j.patcog.2025.112027,,,0,Article,Article
105006983370,A Novel Approach for Accurate Wind Speed Time Series Forecasting Using ICEEMDAN Decomposition and Sample Entropy through Integration of Deep Learning Models,Mezaache H.,International Journal of Engineering Transactions B Applications,2026-02-01,10.5829/ije.2026.39.02b.03,,,0,Article,Article
105010313143,PhysicsSolver: Transformer-enhanced Physics-Informed Neural Networks for forward and forecasting problems in partial differential equations,Zhu Z.,Journal of Computational and Applied Mathematics,2026-02-01,10.1016/j.cam.2025.116900,,,0,Article,Article
105008899827,Graph pre-trained framework with spatio-temporal importance masking and fine-grained optimizing for neural decoding,Li Z.,Pattern Recognition,2026-02-01,10.1016/j.patcog.2025.112006,,,0,Article,Article
105010206108,MHAN: Multi-head hybrid attention network for facial expression recognition,Wang X.,Pattern Recognition,2026-02-01,10.1016/j.patcog.2025.112015,,,0,Article,Article
105008008355,"Coating defect detection in intelligent manufacturing: Advances, challenges, and future trends",Zi B.,Robotics and Computer Integrated Manufacturing,2026-02-01,10.1016/j.rcim.2025.103079,,,0,Review,Review
105008931498,Hypergraph-driven landmark detection foundation model on echocardiography for cardiac function quantification,Dong S.,Pattern Recognition,2026-02-01,10.1016/j.patcog.2025.111927,,,0,Article,Article
105010193574,Verifiably robust conformal prediction for probabilistic guarantees under adversarial attacks,Jeary L.,Pattern Recognition,2026-02-01,10.1016/j.patcog.2025.112051,,,0,Article,Article
105007516260,In-situ 3D visualization of high-temperature damage of ceramifiable FRP composites under compressive loading using X-ray tomography and deep learning,Wang H.,Journal of Materials Science and Technology,2026-02-01,10.1016/j.jmst.2025.03.062,,,1,Article,Article
105009336790,Caudo-Diff: Diffusion calibrated pseudo labels in guided latent space for minimally supervised medical segmentation,Yu B.,Pattern Recognition,2026-02-01,10.1016/j.patcog.2025.112007,,,0,Article,Article
105010321137,"Films for salmon freshness monitor, prepared with lipophilic soy protein, hydroxypropyl methylcellulose, and octadecenylsuccinic anhydride-modified γ-cyclodextrin-MOF loaded with shikonin",Sun Y.,Food Hydrocolloids,2026-02-01,10.1016/j.foodhyd.2025.111752,,,0,Article,Article
105010097342,Learning relationship-guided vision-language transformer for facial attribute recognition,Chen S.,Pattern Recognition,2026-02-01,10.1016/j.patcog.2025.112063,,,0,Article,Article
105009589768,Point Geometrical Coulomb Force: An explicit and robust embedding for point cloud analysis,Xu H.,Pattern Recognition,2026-02-01,10.1016/j.patcog.2025.112025,,,0,Article,Article
105009919256,GS-Net: Point cloud sampling with graph neural networks,Chen X.,Pattern Recognition,2026-02-01,10.1016/j.patcog.2025.112054,,,0,Article,Article
105010148879,Turbo-IRL: Enhancing multi-agent systems using turbo decoding-inspired deep maximum entropy inverse reinforcement learning,Mehrabi N.,Expert Systems with Applications,2026-01-15,10.1016/j.eswa.2025.128754,,,0,Article,Article
105010310505,Insights into the impact of visual and textual information on investment decision-making: A multimodal business plan analysis via deep representation learning,Yuan W.,Expert Systems with Applications,2026-01-15,10.1016/j.eswa.2025.128911,,,0,Article,Article
105010023243,AIoT image analysis for real-time dispatching of shipyard transport devices: A focus on trailers,Choo Y.,Expert Systems with Applications,2026-01-15,10.1016/j.eswa.2025.128947,,,0,Article,Article
105009985307,Discrete zeroing neural dynamic with noise tolerance for image deblurring,Lin C.,Expert Systems with Applications,2026-01-15,10.1016/j.eswa.2025.128914,,,0,Article,Article
105010066649,CM-PHI: combining multi-hop attention graph neural network with sequence semantic analysis to predict phage-host interaction,Pan J.,Expert Systems with Applications,2026-01-15,10.1016/j.eswa.2025.128963,,,0,Article,Article
105010164134,Progressive spectral-frequency-spatial guidance network for hyperspectral image dehazing,Liu Q.,Expert Systems with Applications,2026-01-15,10.1016/j.eswa.2025.128891,,,0,Article,Article
105010331264,Polarization-enhanced GFNet for glint-influenced water surface object segmentation,Pan T.,Expert Systems with Applications,2026-01-15,10.1016/j.eswa.2025.128956,,,0,Article,Article
105010294455,Audio-visual occlusion-robust gender recognition and age estimation approach based on multi-task cross-modal attention,Markitantov M.,Expert Systems with Applications,2026-01-15,10.1016/j.eswa.2025.127473,,,0,Article,Article
105009700047,A comparative study of robustness to noise and interpretability in U-Net-based denoising of Raman spectra,Mokari A.,Spectrochimica Acta Part A Molecular and Biomolecular Spectroscopy,2026-01-05,10.1016/j.saa.2025.126577,,,0,Article,Article
105010293772,Deep learning-assisted Raman spectroscopy for rapid lactic acid bacteria identification at the colony level,Wang Y.,Spectrochimica Acta Part A Molecular and Biomolecular Spectroscopy,2026-01-05,10.1016/j.saa.2025.126662,,,0,Article,Article
105004412502,Trustworthy-constraint Deep Graph Learning For Enterprise Financial Risk Prediction,Ma W.,Journal of Applied Science and Engineering,2026-01-01,10.6180/jase.202601_29(1).0011,,,0,Article,Article
105008902446,An adaptive pairwise testing algorithm based on deep reinforcement learning,Wen L.,Science of Computer Programming,2026-01-01,10.1016/j.scico.2025.103353,,,0,Article,Article
105009889507,Deep learning-based prediction of efficiency and pressure in a reversible pump-turbine,Han S.,Renewable Energy,2026-01-01,10.1016/j.renene.2025.123915,,,0,Article,Article
105009900832,Objective Black-Litterman views through deep learning: A novel hybrid model for enhanced portfolio returns,Su X.,Expert Systems with Applications,2026-01-01,10.1016/j.eswa.2025.128868,,,0,Article,Article
105009327530,A novel colorimetric detection based on bifunctionalized gold nanoparticle combined with machine learning and deep learning models to identify microbial transglutaminase in foods,Li S.,Talanta,2026-01-01,10.1016/j.talanta.2025.128533,,,0,Article,Article
105009491036,Identifying spatial domains from spatial multi-omics data using consistent and specific deep subspace learning,Cai G.,Information Fusion,2026-01-01,10.1016/j.inffus.2025.103428,,,0,Article,Article
105010224672,Predefined-time robust gradient neural network for solving absolute value equations,Yu D.,Journal of Computational and Applied Mathematics,2026-02-01,10.1016/j.cam.2025.116887,,,0,Article,Article
105010333112,Regime-aware time weighting for physics-informed neural networks,Turinici G.,Journal of Computational and Applied Mathematics,2026-02-01,10.1016/j.cam.2025.116858,,,0,Article,Article
105009938057,Graph neural networks with flow conservation constraints for real-time origin–destination matrix completion,Zhang Z.,Pattern Recognition,2026-02-01,10.1016/j.patcog.2025.112046,,,0,Article,Article
105009120892,Do it yourself dynamic single image super resolution network via ODE,Zhang X.,Pattern Recognition,2026-02-01,10.1016/j.patcog.2025.111987,,,0,Article,Article
105010060655,A multi-scale gate network for high-quality image deblurring,Tang S.,Pattern Recognition,2026-02-01,10.1016/j.patcog.2025.112050,,,0,Article,Article
105009930637,TGFormer: Towards temporal graph transformer with auto-correlation mechanism,Chen H.,Pattern Recognition,2026-02-01,10.1016/j.patcog.2025.112053,,,0,Article,Article
105010138051,Improving adversarial transferability and imperceptibility with loss landscape and diffusion model,Liu J.,Pattern Recognition,2026-02-01,10.1016/j.patcog.2025.112076,,,0,Article,Article
105010186942,The effectiveness of Hermite wavelet polynomials for numerically solving one-dimensional PDEs using ANNs with Levenberg-Marquardt and Bayesian regularization techniques,Batool K.,Journal of Computational and Applied Mathematics,2026-02-01,10.1016/j.cam.2025.116904,,,0,Article,Article
105009508289,Robotic abrasive cloth flap wheel polishing system and multivariate parameter decision-making method for blade leading and trailing edges,Wu D.,Robotics and Computer Integrated Manufacturing,2026-02-01,10.1016/j.rcim.2025.103075,,,0,Article,Article
105009892132,High-frequency structure transformer for magnetic resonance image super-resolution,Fang C.,Pattern Recognition,2026-02-01,10.1016/j.patcog.2025.112037,,,0,Article,Article
105010323966,MSBP-Net: A multi-scale boundary prediction network for automated polyp segmentation,Pan X.L.,Pattern Recognition,2026-02-01,10.1016/j.patcog.2025.112101,,,0,Article,Article
105010329370,Simplifying the operation of hybrid ad-hoc sensor networks with neural networks as the sole data reconstruction method,Cofta P.,Expert Systems with Applications,2026-01-15,10.1016/j.eswa.2025.128981,,,0,Article,Article
105010218022,BOOST: Out-of-distribution-informed adaptive sampling for bias mitigation in stylistic convolutional neural networks,Vijendran M.,Expert Systems with Applications,2026-01-15,10.1016/j.eswa.2025.128905,,,0,Article,Article
105009988969,An intelligent wireless sensing algorithm for complex cross-domain scenarios based on DB-FA-YoLov6,Xu L.,Expert Systems with Applications,2026-01-15,10.1016/j.eswa.2025.128912,,,0,Article,Article
105010189277,Improving post-training structured pruning via two-stage reconstruction,Li C.,Expert Systems with Applications,2026-01-15,10.1016/j.eswa.2025.128930,,,0,Article,Article
105010189400,Physics-informed semi-supervised learning for hot-rolled strip flatness pattern recognition based on FixMatch method,Wang F.,Expert Systems with Applications,2026-01-15,10.1016/j.eswa.2025.128885,,,0,Article,Article
105010183382,ETTracker: A fund tracking framework for anti-money laundering on Ethereum,Wu C.,Expert Systems with Applications,2026-01-15,10.1016/j.eswa.2025.128900,,,0,Article,Article
105007873234,Is quantum optimization ready? An effort towards neural network compression using adiabatic quantum computing,Wang Z.,Future Generation Computer Systems,2026-01-01,10.1016/j.future.2025.107908,,,1,Article,Article
105008956416,Deliberation Network-based Feature Fusion For Chinese-English Neural Machine Translation,Fan R.,Journal of Applied Science and Engineering,2026-01-01,10.6180/jase.202603_29(3).0003,,,0,Article,Article
105006999103,Hybrid region and population hypergraph neural network for mild cognitive impairment detection,Wang J.,Pattern Recognition,2026-01-01,10.1016/j.patcog.2025.111864,,,0,Article,Article
105007692670,Pinning exponential synchronization of coupled neural networks with delay under stochastic deception attacks using the Markov switched control,S R.,Mathematics and Computers in Simulation,2026-01-01,10.1016/j.matcom.2025.05.020,,,0,Article,Article
105009720186,Modeling and optimization of borehole thermal energy storage systems using physics-based neural networks,Hagemann W.,Renewable Energy,2026-01-01,10.1016/j.renene.2025.123753,,,0,Article,Article
105007144771,Drug combination prediction for parasitic diseases through information-augmented hypergraph neural network,Li L.,Future Generation Computer Systems,2026-01-01,10.1016/j.future.2025.107913,,,0,Article,Article
105009464485,Automatic generation of spiking neural networks on neuromorphic computing hardware for IoT edge computing,Kim S.,Future Generation Computer Systems,2026-01-01,10.1016/j.future.2025.107953,,,0,Article,Article
105007453118,Artificial intelligence in medical image analysis and molecular diagnostics: recent advances and applications,Sharma R.M.,Journal of Medical Artificial Intelligence,2025-12-30,10.21037/jmai-24-412,,,0,Review,Review
105007473136,Evaluating the utility of using ChatGPT 3.5 to generate research ideas for non-operative spine medicine,Kaufman M.,Journal of Medical Artificial Intelligence,2025-12-30,10.21037/jmai-24-480,,,0,Article,Article
105007462078,Use of artificial intelligence to transcribe and summarise general practice consultations,Haniff Q.,Journal of Medical Artificial Intelligence,2025-12-30,10.21037/jmai-24-257,,,0,Article,Article
105006805094,A novel analysis and prediction method for potential mechanisms of traditional Chinese medicine based on artificial intelligence and omics data-driven approach,Qiyu J.,Chinese Journal of Tissue Engineering Research,2025-12-18,10.12307/2025.968,,,0,Article,Article
85217189808,The clinical application of artificial intelligence in cancer precision treatment,Wang J.,Journal of Translational Medicine,2025-12-01,10.1186/s12967-025-06139-5,,,3,Review,Review
85214376376,Ethical Considerations in the Use of Artificial Intelligence in Pain Medicine,Cascella M.,Current Pain and Headache Reports,2025-12-01,10.1007/s11916-024-01330-7,,,4,Article,Article
85219669506,Autonomous Artificial Intelligence for Diabetic Eye Disease Testing Improves Access and Equity in the Pediatric and Adult Populations: The Johns Hopkins Medicine Experience,Liu T.Y.A.,Diabetes Spectrum,2025-12-01,10.2337/dsi24-0016,,,1,Article,Article
85218343263,Transforming diagnosis through artificial intelligence,D’Adderio L.,Npj Digital Medicine,2025-12-01,10.1038/s41746-025-01460-1,,,0,Note,Note
86000778134,Artificial intelligence-driven translational medicine: a machine learning framework for predicting disease outcomes and optimizing patient-centric care,Abualigah L.,Journal of Translational Medicine,2025-12-01,10.1186/s12967-025-06308-6,,,0,Article,Article
105004349121,Assessing ChatGPT-4’s ability to generate forensic reports: a study of artificial intelligence in forensics,Aydogan H.C.,Egyptian Journal of Forensic Sciences,2025-12-01,10.1186/s41935-025-00445-1,,,0,Article,Article
105000495670,The artificial intelligence revolution in gastric cancer management: clinical applications,Li R.,Cancer Cell International,2025-12-01,10.1186/s12935-025-03756-4,,,1,Review,Review
105010214794,Implementing Artificial Intelligence in Critical Care Medicine: a consensus of 22,Cecconi M.,Critical Care,2025-12-01,10.1186/s13054-025-05532-2,,,0,Article,Article
85219565169,Artificial Intelligence and Predictive Modeling in the Management and Treatment of Episodic Migraine,Natekar A.,Current Pain and Headache Reports,2025-12-01,10.1007/s11916-025-01364-5,,,0,Article,Article
105000031426,Awakening Sleep Medicine: The Transformative Role of Artificial Intelligence in Sleep Health,Bhatt A.N.,Current Sleep Medicine Reports,2025-12-01,10.1007/s40675-025-00328-w,,,2,Review,Review
105005172960,Lessons from Henrietta Lacks inform a transparency framework to catalyze generative artificial intelligence in medicine,Azad T.D.,Npj Digital Medicine,2025-12-01,10.1038/s41746-025-01656-5,,,0,Note,Note
85217357211,Assessing the disconnect between student interest and education in artificial intelligence in medicine in Saudi Arabia,Almarzouki A.F.,BMC Medical Education,2025-12-01,10.1186/s12909-024-06446-3,,,0,Article,Article
105007940850,Artificial intelligence should genuinely support clinical reasoning and decision making to bridge the translational gap,Sokol K.,Npj Digital Medicine,2025-12-01,10.1038/s41746-025-01725-9,,,0,Review,Review
105007535174,"Research on artificial intelligence, machine and deep learning in medicine: global characteristics, readiness, and equity",Klingelhöfer D.,Globalization and Health,2025-12-01,10.1186/s12992-025-01128-1,,,0,Article,Article
85206029288,"The Intersection of Artificial Intelligence, Wearable Devices, and Sexual Medicine",Smerina D.R.,Current Urology Reports,2025-12-01,10.1007/s11934-024-01244-2,,,2,Review,Review
105007794725,"Applications of Artificial Intelligence for High-Burden, Underserved Skin Diseases in Global Settings: a Review",Sales C.,Current Dermatology Reports,2025-12-01,10.1007/s13671-025-00469-9,,,0,Review,Review
85218636886,Artificial Intelligence in Andrology: A New Frontier in Male Infertility Diagnosis and Treatment,Nashed J.Y.,Current Urology Reports,2025-12-01,10.1007/s11934-025-01257-5,,,0,Review,Review
105010077216,Selective identification of polyploid hepatocellular carcinomas with poor prognosis by artificial intelligence-based pathological image recognition,Matsuura T.,Communications Medicine,2025-12-01,10.1038/s43856-025-00967-8,,,0,Article,Article
105001449828,"Revolutionizing oncology: the role of Artificial Intelligence (AI) as an antibody design, and optimization tools",Dewaker V.,Biomarker Research,2025-12-01,10.1186/s40364-025-00764-4,,,3,Review,Review
85218348159,Challenges and opportunities for digital twins in precision medicine from a complex systems perspective,De Domenico M.,Npj Digital Medicine,2025-12-01,10.1038/s41746-024-01402-3,,,7,Article,Article
105000111109,Assessing the Links Between Artificial Intelligence and Precision Nutrition,Ferreira D.D.,Current Nutrition Reports,2025-12-01,10.1007/s13668-025-00635-2,,,1,Review,Review
105007974628,Artificial Intelligence in cancer epigenomics: a review on advances in pan-cancer detection and precision medicine,Sahoo K.,Epigenetics and Chromatin,2025-12-01,10.1186/s13072-025-00595-5,,,1,Review,Review
105005029594,Patient perceptions of empathy in physician and artificial intelligence chatbot responses to patient questions about cancer,Chen D.,Npj Digital Medicine,2025-12-01,10.1038/s41746-025-01671-6,,,0,Article,Article
85218245394,Psychometrics of the Attitude Scale towards the use of Artificial Intelligence Technologies in Nursing,Yılmaz D.,BMC Nursing,2025-12-01,10.1186/s12912-025-02732-7,,,2,Article,Article
105006889716,A bibliometric analysis of the 50 most cited articles about artificial intelligence in electrocardiogram,Hassan M.A.U.,Egyptian Heart Journal,2025-12-01,10.1186/s43044-025-00647-x,,,0,Review,Review
105008502230,An In-depth overview of artificial intelligence (AI) tool utilization across diverse phases of organ transplantation,Arjmandmazidi S.,Journal of Translational Medicine,2025-12-01,10.1186/s12967-025-06488-1,,,0,Review,Review
105003798083,Perspectives on integrating artificial intelligence and single-cell omics for cellular plasticity research,Ghobashi A.,Quantitative Biology,2025-12-01,10.1002/qub2.70004,,,0,Article,Article
105006920603,Artificial intelligence in focus: assessing awareness and perceptions among medical students in three private Syrian universities,Hanifa H.,BMC Medical Education,2025-12-01,10.1186/s12909-025-07396-0,,,0,Article,Article
105009887182,Artificial intelligence in dentistry: insights and expectations from Swiss dental professionals,Donati J.,BMC Medical Informatics and Decision Making,2025-12-01,10.1186/s12911-025-03066-9,,,0,Article,Article
105003432214,Artificial intelligence tool development: what clinicians need to know?,Chew B.H.,BMC Medicine,2025-12-01,10.1186/s12916-025-04076-0,,,2,Review,Review
85218340500,AI and Neurology,Bösel J.,Neurological Research and Practice,2025-12-01,10.1186/s42466-025-00367-2,,,0,Review,Review
86000290713,Systematic review and meta-analysis of artificial intelligence in classifying HER2 status in breast cancer immunohistochemistry,Albuquerque D.A.N.,Npj Digital Medicine,2025-12-01,10.1038/s41746-025-01483-8,,,1,Article,Article
105000174302,Global output of clinical application research on artificial intelligence in the past decade: a scientometric study and science mapping,Shi J.Y.,Systematic Reviews,2025-12-01,10.1186/s13643-025-02779-2,,,0,Article,Article
85211802426,Artificial Intelligence-Based Clinical Decision-Making in Erectile Dysfunction: a Narrative Review,Teoman A.S.,Current Urology Reports,2025-12-01,10.1007/s11934-024-01251-3,,,0,Review,Review
105006889664,"Artificial intelligence in neurosurgery: a systematic review of applications, model comparisons, and ethical implications",Reyes J.S.,Neurosurgical Review,2025-12-01,10.1007/s10143-025-03597-9,,,0,Review,Review
105003215747,Artificial intelligence based assessment of clinical reasoning documentation: an observational study of the impact of the clinical learning environment on resident documentation quality,Schaye V.,BMC Medical Education,2025-12-01,10.1186/s12909-025-07191-x,,,0,Article,Article
85219151161,Artificial Intelligence Applications in Cardio-Oncology: A Comprehensive Review,Guha A.,Current Cardiology Reports,2025-12-01,10.1007/s11886-025-02215-w,,,0,Article,Article
105007067733,Assessing medical students’ readiness for artificial intelligence after pre-clinical training,AlZaabi A.,BMC Medical Education,2025-12-01,10.1186/s12909-025-07008-x,,,0,Article,Article
105003016174,Application of artificial intelligence in the diagnosis of malignant digestive tract tumors: focusing on opportunities and challenges in endoscopy and pathology,Gao Y.,Journal of Translational Medicine,2025-12-01,10.1186/s12967-025-06428-z,,,0,Review,Review
85218218442,Convergence of evolving artificial intelligence and machine learning techniques in precision oncology,Fountzilas E.,Npj Digital Medicine,2025-12-01,10.1038/s41746-025-01471-y,,,18,Article,Article
85218495942,Accuracy of artificial intelligence in detecting tumor bone metastases: a systematic review and meta-analysis,Tao H.,BMC Cancer,2025-12-01,10.1186/s12885-025-13631-0,,,2,Review,Review
105003268104,Development of explainable artificial intelligence based machine learning model for predicting 30-day hospital readmission after renal transplantation,Alnazari N.,BMC Nephrology,2025-12-01,10.1186/s12882-025-04128-w,,,0,Article,Article
85217461313,Advances and applications of artificial intelligence in breast reconstruction surgery: a systematic review,Ospina-Gómez J.E.,European Journal of Plastic Surgery,2025-12-01,10.1007/s00238-025-02271-z,,,1,Review,Review
105009369598,Emerging Artificial Intelligence Innovations in Rheumatoid Arthritis and Challenges to Clinical Adoption,Gilvaz V.J.,Current Rheumatology Reports,2025-12-01,10.1007/s11926-025-01193-w,,,0,Review,Review
105000112388,Artificial intelligence-driven integration of single-cell RNA sequencing and transcriptome analysis to decipher APOE’s role in gastric cancer prognosis and therapy,Li N.,Discover Oncology,2025-12-01,10.1007/s12672-025-02100-6,,,0,Article,Article
105005551868,"Modern artificial intelligence and large language models in graduate medical education: a scoping review of attitudes, applications & practice",Verghese B.G.,BMC Medical Education,2025-12-01,10.1186/s12909-025-07321-5,,,0,Article,Article
105009303047,Laser-induced breakdown spectroscopy coupled with machine learning for rapid quantification of Escherichia coli concentration,Wang J.,Talanta,2026-01-01,10.1016/j.talanta.2025.128522,,,0,Article,Article
105004417316,Machine Learning-Based Surface Roughness Prediction In Turning Of Hardened AISI 4340 Steels: Incorporating Tool Wear Via Cutting Length,Ginting A.,Journal of Applied Science and Engineering,2026-01-01,10.6180/jase.202601_29(1).0003,,,0,Article,Article
105009304125,Machine learning approach to inline monitoring of apple puree consistency through process data and fruit characteristics,Sepehr A.,Journal of Food Engineering,2026-01-01,10.1016/j.jfoodeng.2025.112712,,,0,Article,Article
105009048993,Towards a sustainable hydrogen-rich syngas production by methane dry reforming: Advances in catalyst synthesis and optimization strategies,Hossain S.K.S.,Fuel,2026-01-01,10.1016/j.fuel.2025.136132,,,0,Review,Review
105010075100,A novel quantitative analysis method for printability in 3D food printing for surimi,Kim S.,Journal of Food Engineering,2026-01-01,10.1016/j.jfoodeng.2025.112725,,,0,Article,Article
105009468260,A data-driven machine learning approach to predict desalination capacities of faradic materials for capacitive deionization,Wang H.,Separation and Purification Technology,2025-12-23,10.1016/j.seppur.2025.134181,,,0,Article,Article
105009324706,Research progress in the separation and purification of low-molecular-weight sugars and polyols,Luo K.,Separation and Purification Technology,2025-12-23,10.1016/j.seppur.2025.134127,,,0,Article,Article
105005114487,"Establishing a quantitative relationship between processing, microstructure, and formability in Ni47Ti33Hf20 shape memory alloy through multivariate decision tree optimization",Wang W.,Journal of Materials Science and Technology,2025-12-20,10.1016/j.jmst.2025.02.075,,,2,Article,Article
105010192412,"Binary Ca/Mn based carbonaceous feathery light foam for ‘hypersorb’ phosphate removal: Unravelling pragmatic and mechanistic insights, dissolved organic matter implications and Machine Learning predictive modelling",Ravi T.,Separation and Purification Technology,2025-12-19,10.1016/j.seppur.2025.134210,,,0,Article,Article
105009628013,"Advancing magnetic chitosan-based materials for sustainable heavy metal removal from water: Synthesis, regeneration, and future perspectives",Zhu Z.,Separation and Purification Technology,2025-12-19,10.1016/j.seppur.2025.134166,,,0,Review,Review
105010212511,A data-driven framework for performance optimization and cost-effective design of adsorption-based medical oxygen concentrators,Fazli Mamaghani M.,Separation and Purification Technology,2025-12-19,10.1016/j.seppur.2025.133999,,,0,Article,Article
105008356209,Advanced inorganic membranes for water purification: FeZr-MOF/GO composites with optimized adsorption performance,Liu M.e.,Separation and Purification Technology,2025-12-17,10.1016/j.seppur.2025.133899,,,0,Article,Article
105010298149,Enhancing multi-physics modeling in new-generation nuclear reactors using machine learning: Implementing Gaussian Process Regression for updating cross sections,Nasr M.A.,Annals of Nuclear Energy,2025-12-15,10.1016/j.anucene.2025.111720,,,0,Article,Article
105008545649,Evaluating UV-C-induced degradation of polyurethane and polystyrene: Comparing O-PTIR and portable ATR-FTIR,Yang C.,Spectrochimica Acta Part A Molecular and Biomolecular Spectroscopy,2025-12-15,10.1016/j.saa.2025.126546,,,0,Article,Article
105010120811,New insights into axially asymmetric mechanism for enhanced anchoring and catalytic performance in lithium–sulfur batteries,Zhang W.,Journal of Colloid and Interface Science,2025-12-15,10.1016/j.jcis.2025.138338,,,0,Article,Article
105008187046,Improvement method for tea leaf moisture content prediction using VIS-NIR spectrum based on transfer learning,Liu H.,Spectrochimica Acta Part A Molecular and Biomolecular Spectroscopy,2025-12-15,10.1016/j.saa.2025.126571,,,0,Article,Article
105009971207,Photo- and electrocatalytic conversion driven by transition metal-assisted ferroelectric heterojunction,Mu N.,Journal of Colloid and Interface Science,2025-12-15,10.1016/j.jcis.2025.138359,,,0,Article,Article
105007461262,A one-shot automated framework based on large language model and AutoML: Accelerating the design of porous carbon materials and carbon capture optimization,Hu L.,Separation and Purification Technology,2025-12-14,10.1016/j.seppur.2025.133487,,,0,Article,Article
105007461165,Machine learning-aided engineering of biochar from biomass pyrolysis and activation processes for enhanced CO2 adsorption,Ai Z.,Separation and Purification Technology,2025-12-14,10.1016/j.seppur.2025.133882,,,0,Article,Article
105007554736,Accelerating the discovery of stable metal–organic frameworks for ethane/ethylene separation using data mining and multitarget screening,Tang S.,Separation and Purification Technology,2025-12-14,10.1016/j.seppur.2025.133864,,,0,Article,Article
105003973414,Bayesian optimization and explainable machine learning for High-dimensional multi-objective optimization of biodegradable magnesium alloys,Peng P.,Journal of Materials Science and Technology,2025-12-10,10.1016/j.jmst.2025.02.059,,,0,Article,Article
105004658140,Laser stealth dicing of β-Ga2O3: Theoretical and experimental studies,Sun Z.,Journal of Materials Science and Technology,2025-12-10,10.1016/j.jmst.2025.03.044,,,0,Article,Article
105007144319,A case study of biogeophysical and optical water quality indicators-of-change along marine-terminating glaciers including fjördal zones west of Iceland and Greenland,Garaba S.P.,Regional Studies in Marine Science,2025-12-10,10.1016/j.rsma.2025.104259,,,0,Article,Article
85215412348,FANNG-MPC: Framework for Artificial Neural Networks and Generic MPC,Aaraj N.,Iacr Transactions on Cryptographic Hardware and Embedded Systems,2025-12-09,10.46586/TCHES.V2025.I1.1-36,,,1,Article,Article
105008092272,Machine learning informed rational design of high entropy double perovskite oxide universal air/steam electrodes for solid oxide electrochemical cells,Kim Y.,Applied Catalysis B Environmental,2025-12-05,10.1016/j.apcatb.2025.125590,,,0,Article,Article
105006973882,Rational design of hydrophobic MOFs for membrane-based C2H6-selective separation under high humidity condition,Zhang Z.,Separation and Purification Technology,2025-12-05,10.1016/j.seppur.2025.133824,,,0,Article,Article
105009155068,"Cross-scale construction of photothermal synergistic catalytic systems: Mechanistic insights from single atoms, clusters to nanoparticles and energy conversion applications",He H.,Applied Catalysis B Environmental,2025-12-05,10.1016/j.apcatb.2025.125623,,,0,Review,Review
105010278164,Exploring nontoxic perovskite materials for perovskite solar cells using machine learning,Pabasara W.G.A.,Discover Materials,2025-12-01,10.1007/s43939-025-00327-2,,,0,Article,Article
105003105946,Machine learning-based prediction of the thermal conductivity of filling material incorporating steelmaking slag in a ground heat exchanger system,Kang G.O.O.,Scientific Reports,2025-12-01,10.1038/s41598-025-89713-7,,,2,Article,Article
105007878339,Machine learning on multiple topological materials datasets,He Y.,Npj Computational Materials,2025-12-01,10.1038/s41524-025-01687-2,,,0,Article,Article
105003876123,Machine learning frameworks to accurately estimate the adsorption of organic materials onto resin and biochar,Hassan R.,Scientific Reports,2025-12-01,10.1038/s41598-025-99759-2,,,1,Article,Article
85217272922,Machine learning models for predicting interaction affinity energy between human serum proteins and hemodialysis membrane materials,Nazari S.,Scientific Reports,2025-12-01,10.1038/s41598-024-83674-z,,,1,Article,Article
105007233087,A review of machine learning models for concrete strength prediction and mix optimization,Lal Mohiddin S.,Journal of Building Pathology and Rehabilitation,2025-12-01,10.1007/s41024-025-00636-2,,,0,Review,Review
105009744493,Machine learning and data-driven methods in computational surface and interface science,Hörmann L.,Npj Computational Materials,2025-12-01,10.1038/s41524-025-01691-6,,,0,Review,Review
105007668680,Machine learning-guided prediction of energy storage performance of carbon cathode materials for zinc-ion hybrid capacitors,Chen Y.,Journal of Colloid and Interface Science,2025-12-01,10.1016/j.jcis.2025.138139,,,0,Article,Article
85218683344,A machine learning-based recommendation framework for material extrusion fabricated triply periodic minimal surface lattice structures,Hussain S.,Journal of Materials Science Materials in Engineering,2025-12-01,10.1186/s40712-025-00229-4,,,0,Article,Article
85218077675,SPACIER: on-demand polymer design with fully automated all-atom classical molecular dynamics integrated into machine learning pipelines,Nanjo S.,Npj Computational Materials,2025-12-01,10.1038/s41524-024-01492-3,,,2,Article,Article
85218443981,Advancing extrapolative predictions of material properties through learning to learn using extrapolative episodic training,Noda K.,Communications Materials,2025-12-01,10.1038/s43246-025-00754-x,,,0,Article,Article
85218120127,Probing out-of-distribution generalization in machine learning for materials,Li K.,Communications Materials,2025-12-01,10.1038/s43246-024-00731-w,,,4,Article,Article
105003269340,Advancing organic photovoltaic materials by machine learning-driven design with polymer-unit fingerprints,Liu X.,Npj Computational Materials,2025-12-01,10.1038/s41524-025-01608-3,,,1,Article,Article
105007224098,An unsupervised machine learning based approach to identify efficient spin-orbit torque materials,Sayed S.,Npj Computational Materials,2025-12-01,10.1038/s41524-025-01626-1,,,0,Article,Article
105010172182,Information-entropy-driven generation of material-agnostic datasets for machine-learning interatomic potentials,P. A. Subramanyam A.,Npj Computational Materials,2025-12-01,10.1038/s41524-025-01602-9,,,0,Article,Article
105007449589,A concise framework for fairness: navigating disparate impact in healthcare AI,Jagtiani P.,Journal of Medical Artificial Intelligence,2025-12-30,10.21037/jmai-24-438,,,0,Article,Article
105007471991,Healthcare leaders’ attitudes and perceptions on the use of artificial intelligence and artificial intelligence enabled tools in healthcare settings,Singh J.,Journal of Medical Artificial Intelligence,2025-12-30,10.21037/jmai-24-392,,,0,Article,Article
105007471858,Overcoming adoption challenges: bridging the gap between artificial intelligence algorithm development and implementation in healthcare,Hill N.R.,Journal of Medical Artificial Intelligence,2025-12-30,10.21037/jmai-24-385,,,0,Review,Review
105007464216,"The intersection of quality improvement, artificial intelligence and patient safety in healthcare—current applications, challenges and risks, and future directions: a scoping review",Nawawi M.H.M.,Journal of Medical Artificial Intelligence,2025-12-30,10.21037/jmai-24-328,,,0,Review,Review
105007449521,Exploring the impacts of artificial intelligence interventions on providers’ practices: perspectives from a rural medical center,Lintz J.,Journal of Medical Artificial Intelligence,2025-12-30,10.21037/jmai-24-422,,,0,Article,Article
105007453612,Potential for the development of customized color cosmetics using artificial intelligence digital slide scanner exclusively for dermatology: a scoping review,Lee J.,Journal of Medical Artificial Intelligence,2025-12-30,10.21037/jmai-24-372,,,0,Review,Review
105007454927,Deploy your own machine learning model with no coding expertise: resident perspective,Singh J.,Journal of Medical Artificial Intelligence,2025-12-30,10.21037/jmai-24-448,,,0,Article,Article
105007447380,Opportunities and challenges associated with artificial intelligence in healthcare,Haque I.,Journal of Medical Artificial Intelligence,2025-12-30,10.21037/jmai-24-232,,,0,Editorial,Editorial
105007473767,Navigating the complexities of fibromyalgia research: an artificial intelligence-driven exploration,Folajimi Y.,Journal of Medical Artificial Intelligence,2025-12-30,10.21037/jmai-24-106,,,0,Article,Article
105007452669,Predictive tools in intensive care unit management: a protocol of a scoping review,Grolli R.E.,Journal of Medical Artificial Intelligence,2025-12-30,10.21037/jmai-24-390,,,0,Article,Article
105009541963,AI-driven healthcare innovations for enhancing clinical services during mass gatherings (Hajj): task force insights and future directions,Alquayt A.,BMC Health Services Research,2025-12-01,10.1186/s12913-025-13045-5,,,0,Article,Article
86000037401,Evolution of AI enabled healthcare systems using textual data with a pretrained BERT deep learning model,Wang Y.J.,Scientific Reports,2025-12-01,10.1038/s41598-025-91622-8,,,2,Article,Article
85216008996,"High-reward, high-risk technologies? An ethical and legal account of AI development in healthcare",Corfmat M.,BMC Medical Ethics,2025-12-01,10.1186/s12910-024-01158-1,,,3,Review,Review
105005162734,Aligning AI principles and healthcare delivery organization best practices to navigate the shifting regulatory landscape,Hasan A.,Npj Digital Medicine,2025-12-01,10.1038/s41746-025-01605-2,,,0,Note,Note
105007451605,Guiding responsible AI in healthcare in the Philippines,Sarmiento R.F.R.,Npj Digital Medicine,2025-12-01,10.1038/s41746-025-01755-3,,,0,Review,Review
105005420920,From prompt to platform: an agentic AI workflow for healthcare simulation scenario design,Barra F.L.,Advances in Simulation,2025-12-01,10.1186/s41077-025-00357-z,,,0,Review,Review
85218156682,"Generative AI, IoT, and blockchain in healthcare: application, issues, and solutions",Mazhar T.,Discover Internet of Things,2025-12-01,10.1007/s43926-025-00095-8,,,8,Review,Review
105007612172,A “True Lifecycle Approach” towards governing healthcare AI with the GCC as a global governance model,Solaiman B.,Npj Digital Medicine,2025-12-01,10.1038/s41746-025-01614-1,,,0,Article,Article
105000815497,Examining human-AI interaction in real-world healthcare beyond the laboratory,Wekenborg M.K.,Npj Digital Medicine,2025-12-01,10.1038/s41746-025-01559-5,,,2,Article,Article
105008226054,Virtual healthcare bot (VHC-Bot): a Person-centered AI chatbot for transforming patient care and healthcare workforce dynamics,Alsalamah S.A.,Network Modeling Analysis in Health Informatics and Bioinformatics,2025-12-01,10.1007/s13721-025-00537-x,,,0,Article,Article
105007688342,Artificial Intelligence (AI) Facts Labels: An Innovative Disclosure Tool Promoting Patient-Centric Transparency in Healthcare AI Systems,Bramstedt K.A.,Journal of Medical Systems,2025-12-01,10.1007/s10916-025-02216-w,,,0,Article,Article
105005179346,Scaling enterprise AI in healthcare: the role of governance in risk mitigation frameworks,Bodnari A.,Npj Digital Medicine,2025-12-01,10.1038/s41746-025-01700-4,,,0,Review,Review
105010192610,"Evaluating accountability, transparency, and bias in AI-assisted healthcare decision- making: a qualitative study of healthcare professionals’ perspectives in the UK",Nouis S.C.E.,BMC Medical Ethics,2025-12-01,10.1186/s12910-025-01243-z,,,0,Article,Article
85214569216,A caution against customized AI in healthcare,Kostick-Quenet K.M.,Npj Digital Medicine,2025-12-01,10.1038/s41746-024-01415-y,,,2,Article,Article
105010176228,"Integrating emotional AI, IoT, and robotics for patient-centered healthcare: challenges and future directions",Bout N.,Discover Internet of Things,2025-12-01,10.1007/s43926-025-00174-w,,,0,Review,Review
105008498476,The rise of robotics and AI-assisted surgery in modern healthcare,Wah J.N.K.,Journal of Robotic Surgery,2025-12-01,10.1007/s11701-025-02485-0,,,0,Review,Review
105007997078,A scoping review and evidence gap analysis of clinical AI fairness,Liu M.,Npj Digital Medicine,2025-12-01,10.1038/s41746-025-01667-2,,,0,Article,Article
105010142658,A three-tier AI solution for equitable glaucoma diagnosis across China’s hierarchical healthcare system,Zhou Y.,Npj Digital Medicine,2025-12-01,10.1038/s41746-025-01835-4,,,0,Article,Article
85213296513,Rise of the Machines - Artificial Intelligence in Healthcare Epidemiology,Non L.R.,Current Infectious Disease Reports,2025-12-01,10.1007/s11908-024-00854-8,,,1,Article,Article
105009982731,How the perceived substitution of AI technology hinders nurses’ innovation behavior: the mediating role of AI anxiety and human-AI cooperation intention and the moderating role of organizational AI readiness,Fan J.,BMC Nursing,2025-12-01,10.1186/s12912-025-03265-9,,,0,Article,Article
105007444689,Proactive vs. passive algorithmic ethics practices in healthcare: the moderating role of healthcare engagement type in patients’ responses,Shu S.,BMC Medical Ethics,2025-12-01,10.1186/s12910-025-01236-y,,,0,Article,Article
105006532732,Ethical and social considerations of applying artificial intelligence in healthcare—a two-pronged scoping review,Ratti E.,BMC Medical Ethics,2025-12-01,10.1186/s12910-025-01198-1,,,1,Review,Review
85219160138,Artificial Intelligence (AI) – Powered Documentation Systems in Healthcare: A Systematic Review,Bracken A.,Journal of Medical Systems,2025-12-01,10.1007/s10916-025-02157-4,,,4,Review,Review
105009349562,AI-supported versus manual microscopy of Kato-Katz smears for diagnosis of soil-transmitted helminth infections in a primary healthcare setting,von Bahr J.,Scientific Reports,2025-12-01,10.1038/s41598-025-07309-7,,,0,Article,Article
105009991934,Clinical obstacles to machine-learning POCUS adoption and system-wide AI implementation (The COMPASS-AI survey),Wong A.,Ultrasound Journal,2025-12-01,10.1186/s13089-025-00436-2,,,0,Article,Article
105003922419,Healthcare professionals’ perspectives on artificial intelligence in patient care: a systematic review of hindering and facilitating factors on different levels,Henzler D.,BMC Health Services Research,2025-12-01,10.1186/s12913-025-12664-2,,,0,Review,Review
105009548022,Integrated artificial intelligence in healthcare and the patient’s experience of care,Ogundare O.,Scientific Reports,2025-12-01,10.1038/s41598-025-07581-7,,,0,Article,Article
85216041358,Generative Artificial Intelligence Use in Healthcare: Opportunities for Clinical Excellence and Administrative Efficiency,Bhuyan S.S.,Journal of Medical Systems,2025-12-01,10.1007/s10916-024-02136-1,,,10,Article,Article
105002653273,Responsible CVD screening with a blockchain assisted chatbot powered by explainable AI,Muneer S.,Scientific Reports,2025-12-01,10.1038/s41598-025-96715-y,,,0,Article,Article
105000045935,Bias recognition and mitigation strategies in artificial intelligence healthcare applications,Hasanzadeh F.,Npj Digital Medicine,2025-12-01,10.1038/s41746-025-01503-7,,,6,Review,Review
86000042447,"Transforming healthcare through just, equitable and quality driven artificial intelligence solutions in South Asia",Adhikari S.,Npj Digital Medicine,2025-12-01,10.1038/s41746-025-01534-0,,,2,Review,Review
105000073977,"Knowledge, attitudes, and practices toward AI technology (ChatGPT) among nursing students at Palestinian universities",Salama N.,BMC Nursing,2025-12-01,10.1186/s12912-025-02913-4,,,1,Article,Article
105009623737,Developing an innovative lung cancer detection model for accurate diagnosis in AI healthcare systems,Jian W.,Scientific Reports,2025-12-01,10.1038/s41598-025-03960-2,,,0,Article,Article
105003018697,Mental health practitioners’ perceptions and adoption intentions of AI-enabled technologies: an international mixed-methods study,Cecil J.,BMC Health Services Research,2025-12-01,10.1186/s12913-025-12715-8,,,1,Article,Article
85219731265,The influence of strategic foresight on quality of healthcare services in the presence of artificial intelligence solutions in Jordan,Alajrab S.S.,BMC Nursing,2025-12-01,10.1186/s12912-024-02518-3,,,1,Article,Article
105010049573,Instruction-guided fusion of multi-layer visual features in Large Vision-Language Models,Li X.,Pattern Recognition,2026-02-01,10.1016/j.patcog.2025.111932,,,0,Article,Article
105009142696,LiteNeRFAvatar: A lightweight NeRF with local feature learning for dynamic human avatar,Pan J.,Pattern Recognition,2026-02-01,10.1016/j.patcog.2025.112008,,,0,Article,Article
105009126318,VCGPrompt: Visual Concept Graph-Aware Prompt Learning for Vision-Language Models,Wang M.,Pattern Recognition,2026-02-01,10.1016/j.patcog.2025.112012,,,0,Article,Article
105009049366,Dynamic example network for class-agnostic object counting,Liu X.,Pattern Recognition,2026-02-01,10.1016/j.patcog.2025.111998,,,0,Article,Article
105010194563,Conditional cross-domain prompt optimization for domain adaptation,Zhou B.,Pattern Recognition,2026-02-01,10.1016/j.patcog.2025.112100,,,0,Article,Article
105009512915,AMGSN: Adaptive mask-guide supervised network for debiased facial expression recognition,Gu T.,Pattern Recognition,2026-02-01,10.1016/j.patcog.2025.112023,,,0,Article,Article
105009740722,Quantitative study on the correlation between three-dimensional morphology characteristics and self-acceleration of hydrodynamically unstable premixed spherical flames,Wang Q.,Fuel,2026-01-15,10.1016/j.fuel.2025.136096,,,0,Article,Article
105009981289,AI-powered computer vision for detecting gluten in gluten-free beer,Pérez-Calabuig A.M.,Food Control,2026-01-01,10.1016/j.foodcont.2025.111557,,,0,Article,Article
105009653921,Multimodal context-aware consistency alignment for vision-language tasks,Shen X.,Expert Systems with Applications,2026-01-01,10.1016/j.eswa.2025.128857,,,0,Article,Article
105009226131,EdgePVM: A serverless satellite edge computing constellation for changes detection using onboard parallel siamese vision MAMBA,Amini Sedeh M.,Future Generation Computer Systems,2026-01-01,10.1016/j.future.2025.107985,,,0,Article,Article
105007287996,Nighttime image dehazing via a physics-aware dynamic neural model with progressive contrastive regularization,Liang Y.,Pattern Recognition,2026-01-01,10.1016/j.patcog.2025.111863,,,0,Article,Article
105007714119,Visual perception-inspired 3D point cloud sampling,Wang X.,Pattern Recognition,2026-01-01,10.1016/j.patcog.2025.111883,,,0,Article,Article
105009512034,Efficiently Integrate Large Language Models with Visual Perception: A Survey from the Training Paradigm Perspective,Ma X.,Information Fusion,2026-01-01,10.1016/j.inffus.2025.103419,,,0,Article,Article
105007978489,Leveraging negative correlation for Full-Range Self-Attention in Vision Transformers,Long W.,Pattern Recognition,2026-01-01,10.1016/j.patcog.2025.111899,,,0,Article,Article
105009736102,DiffuShield: Flexible privacy-preserving synthetic face generation via generative diffusion model,Wang T.,Information Fusion,2026-01-01,10.1016/j.inffus.2025.103451,,,0,Article,Article
105006582489,Optimal transport-guided multivariable model for point set matching problems,Ma L.,Signal Processing,2026-01-01,10.1016/j.sigpro.2025.110090,,,0,Article,Article
105008546408,Dynamic multi-modal hypergraph learning for semi-supervised multi-label image recognition,Zhang C.,Pattern Recognition,2026-01-01,10.1016/j.patcog.2025.111959,,,0,Article,Article
105007929864,MA-FSAR: Multimodal Adaptation of CLIP for few-shot action recognition,Xing J.,Pattern Recognition,2026-01-01,10.1016/j.patcog.2025.111902,,,0,Article,Article
105009729736,Anomaly detection method for satellite networks based on genetic optimization federated learning,Wang Z.,Expert Systems with Applications,2026-01-01,10.1016/j.eswa.2025.128627,,,0,Article,Article
105008778821,DDS-NAS: Dynamic data selection within neural architecture search via on-line hard example mining applied to image classification,Poyser M.,Pattern Recognition,2026-01-01,10.1016/j.patcog.2025.111948,,,0,Article,Article
105009589530,MCDF: Multimodal information fusion and causal analysis for election misinformation detection,Kwao L.,Information Fusion,2026-01-01,10.1016/j.inffus.2025.103470,,,0,Article,Article
105007853602,Generative attack in complex real-world scenarios,Peng H.,Pattern Recognition,2026-01-01,10.1016/j.patcog.2025.111893,,,0,Article,Article
105009830348,A real-time FPGA-based radiation noise suppression and detection method with comparative analysis against deep learning techniques,Xu S.,Expert Systems with Applications,2026-01-01,10.1016/j.eswa.2025.128906,,,0,Article,Article
105008820372,Novel dimensionality reduction approaches for higher-order multidimensional data,Zahir A.,Pattern Recognition,2026-01-01,10.1016/j.patcog.2025.111938,,,0,Article,Article
105009740723,Iterative model pruning with sparsity learning for infrared rotary-wing UAV detection,Tao H.,Expert Systems with Applications,2026-01-01,10.1016/j.eswa.2025.128755,,,0,Article,Article
105007538642,"A comprehensive survey of oracle character recognition: Challenges, datasets, methodology, and beyond",Li J.,Pattern Recognition,2026-01-01,10.1016/j.patcog.2025.111824,,,0,Review,Review
105007599076,Open-world Weakly-Supervised Object Localization,Xie J.,Pattern Recognition,2026-01-01,10.1016/j.patcog.2025.111808,,,0,Article,Article
105009512389,AgriTL-ViT: A Vision Transformer model with attention techniques for classification of plant leaf disease,Srivastava M.,Expert Systems with Applications,2025-12-15,10.1016/j.eswa.2025.128793,,,0,Article,Article
105001175404,Evolution of strain field and crack prediction in cemented paste backfill specimens based on digital image correlation and computer vision recognition model,Zhang H.,Scientific Reports,2025-12-01,10.1038/s41598-025-94992-1,,,1,Article,Article
105008357793,AgCV: An Agentic framework for automating computer vision application,Saxena A.,Methodsx,2025-12-01,10.1016/j.mex.2025.103424,,,0,Article,Article
105006821455,Computer vision uncovers three fundamental dimensions of levodopa-responsive motor improvement in Parkinson’s disease,Lange F.,Npj Parkinson S Disease,2025-12-01,10.1038/s41531-025-00999-w,,,0,Article,Article
105007508614,Tricho-Vision: The use of computer vision in trichotaxonomy for enhancing wildlife conservation of priority species,Das A.,Ecological Informatics,2025-12-01,10.1016/j.ecoinf.2025.103161,,,0,Article,Article
105000505303,Impact of proximity definitions and sampling rates on social networks in pigs based on tracking using computer vision,Orsini C.A.E.M.,Scientific Reports,2025-12-01,10.1038/s41598-025-93830-8,,,1,Article,Article
85215613374,Computer vision based automatic evaluation method of Y2O3 steel coating performance with SEM image,Zhao J.,Scientific Reports,2025-12-01,10.1038/s41598-024-85061-0,,,1,Article,Article
105010035828,Computer vision syndrome and its relationship with sleep and fatigue in medical students,Garlock M.,BMC Medical Education,2025-12-01,10.1186/s12909-025-07503-1,,,0,Article,Article
105007150348,SorpVision: A Comprehensive Dataset for Cementitious Sorptivity Analysis Powered by Computer Vision,Kabir H.,Scientific Data,2025-12-01,10.1038/s41597-025-05185-4,,,0,Data Paper,Data Paper
105009994968,Characterizing motion artifacts in functional near-infrared spectroscopy signals using ground-truth movement information and computer vision,Bizzego A.,Biomedical Signal Processing and Control,2025-12-01,10.1016/j.bspc.2025.108256,,,0,Article,Article
105004996562,Beijing’s urbanization reflected in apartment layouts: a computer vision and isovist analysis (1970–2020),Yao Y.,Humanities and Social Sciences Communications,2025-12-01,10.1057/s41599-025-04768-1,,,0,Article,Article
105003143310,Current status and prospects of computer vision-based attitude and deformation measurement applications in wind tunnels,Xiangyi X.,Scientific Reports,2025-12-01,10.1038/s41598-025-96000-y,,,0,Article,Article
105007702266,Computer vision for evaluating retraction of the neurovascular bundle during nerve-sparing prostatectomy,Ghaffar U.,Journal of Robotic Surgery,2025-12-01,10.1007/s11701-025-02412-3,,,1,Article,Article
105003237346,Validity of tremor analysis using smartphone compatible computer vision frameworks,Wolke R.,Scientific Reports,2025-12-01,10.1038/s41598-025-97252-4,,,0,Article,Article
105009045412,Densely activated self-attention for semantic segmentation,Xiao L.,Pattern Recognition,2026-02-01,10.1016/j.patcog.2025.111920,,,0,Article,Article
105010317262,GKC-Net: Gated KAN with Channel-Position Attention Mechanism for Image Deraining,Gong M.,Pattern Recognition,2026-02-01,10.1016/j.patcog.2025.112080,,,0,Article,Article
105010154242,Domain adaptive video summarization using generalized transformer,Wang Z.,Pattern Recognition,2026-02-01,10.1016/j.patcog.2025.112059,,,0,Article,Article
105009967715,Context-interaction transformer for insulator semantic segmentation in infrared images,Peng S.,Expert Systems with Applications,2026-01-15,10.1016/j.eswa.2025.128934,,,0,Article,Article
105010196794,CATNet: Coordinate-aware transformer for all-in-one image restoration,He J.,Expert Systems with Applications,2026-01-15,10.1016/j.eswa.2025.128896,,,0,Article,Article
105010298158,Shrinking for success: Multimodal dimensionality reduction for sustainable recommender systems,Geninatti Cossatin A.,Expert Systems with Applications,2026-01-15,10.1016/j.eswa.2025.128929,,,0,Article,Article
105009724225,CFFormer: Cross CNN-Transformer channel attention and spatial feature fusion for improved segmentation of heterogeneous medical images,Li J.,Expert Systems with Applications,2026-01-01,10.1016/j.eswa.2025.128835,,,0,Article,Article
105009515950,Integrating biological and machine intelligence: Attention mechanisms in brain–computer interfaces,Wang J.,Information Fusion,2026-01-01,10.1016/j.inffus.2025.103417,,,0,Article,Article
105009815285,Multi-phase Transformer for remote sensing image super-resolution,Hu T.,Expert Systems with Applications,2026-01-01,10.1016/j.eswa.2025.128853,,,0,Article,Article
105007057457,Quality transformer for human parsing,Guo Y.,Pattern Recognition,2026-01-01,10.1016/j.patcog.2025.111736,,,0,Article,Article
105005772635,Development of a Deep Learning Model Inspired by Transformer Networks for Multiclass Skin Lesion Classification,Farsi H.,International Journal of Engineering Transactions B Applications,2026-01-01,10.5829/ije.2026.39.01a.11,,,0,Article,Article
105007014021,Online task-free continual learning via Expansible Vision Transformer,Ye F.,Pattern Recognition,2026-01-01,10.1016/j.patcog.2025.111730,,,0,Article,Article
105008790248,More video-relevant paragraph captioning via Perturbed Attention Self-Distillation,Gao Y.,Pattern Recognition,2026-01-01,10.1016/j.patcog.2025.111871,,,0,Article,Article
105007069786,DMF-SIM: Dual-Model Framework for super-resolution reconstruction and denoising in Structured Illumination Microscopy,Huo Y.,Pattern Recognition,2026-01-01,10.1016/j.patcog.2025.111865,,,0,Article,Article
105009496949,GrFormer: A novel Transformer on Grassmann manifold for infrared and visible image fusion,Kang H.,Information Fusion,2026-01-01,10.1016/j.inffus.2025.103402,,,0,Article,Article
105008775861,DT-RSRGAN: An one-off domain translation generative model for real image super-resolution,Zhang H.,Pattern Recognition,2026-01-01,10.1016/j.patcog.2025.111944,,,0,Article,Article
105009744552,Revisiting fine-grained classification: A dual-branch method for noise-resilient and global-local discriminative learning,Yang H.,Expert Systems with Applications,2026-01-01,10.1016/j.eswa.2025.128802,,,0,Article,Article
105007773370,MIMAR-OSA: Enhancing obstructive sleep apnea diagnosis through multimodal data integration and missing modality reconstruction,Qiu X.,Pattern Recognition,2026-01-01,10.1016/j.patcog.2025.111917,,,0,Article,Article
105007969161,Hybrid quantum sparse coding and dynamic convolution capsule network for enhanced image classification,Shu Z.,Pattern Recognition,2026-01-01,10.1016/j.patcog.2025.111974,,,0,Article,Article
105009699532,Urban-scale point cloud semantic segmentation via integrated mixed-scale and long-range interactions,Song Z.,Expert Systems with Applications,2026-01-01,10.1016/j.eswa.2025.128666,,,1,Article,Article
105009913231,LAPNet: A lightweight adaptive patch network for measuring water cut in oil-water two-phase flow,Chen H.,Expert Systems with Applications,2026-01-01,10.1016/j.eswa.2025.128772,,,0,Article,Article
105008953763,Terminology Alignment Based On Multi-level Feature Fusion For Japanese Scientific And Technological Literature Terminology Translation,Fang Q.,Journal of Applied Science and Engineering,2026-01-01,10.6180/jase.202602_29(2).0021,,,0,Article,Article
105008001812,DB-SBR: A dual-backbone model for student behavior recognition,Wang L.,Pattern Recognition,2026-01-01,10.1016/j.patcog.2025.111996,,,0,Article,Article
105007732213,Leveraging multi-class background description and token dictionary representation for hyperspectral anomaly detection,Wang Z.,Pattern Recognition,2026-01-01,10.1016/j.patcog.2025.111945,,,0,Article,Article
105009042875,Sentiment classification method based on BERT-CondConv multi-moment state fusion,Xiaoyang W.,Computer Speech and Language,2026-01-01,10.1016/j.csl.2025.101855,,,0,Article,Article
105008671265,A Taylor expansion-based texture and edge-preserving interpolation approach for arbitrary-scale image super-resolution,Wang S.,Pattern Recognition,2026-01-01,10.1016/j.patcog.2025.111965,,,0,Article,Article
105007712045,UniFormaly: Towards task-agnostic unified framework for visual anomaly detection,Lee Y.,Pattern Recognition,2026-01-01,10.1016/j.patcog.2025.111820,,,0,Article,Article
105006813678,Improvements in automatic diagnosis methods for knee osteoarthritis based on deep learning,Ying F.,Chinese Journal of Tissue Engineering Research,2025-12-18,10.12307/2026.533,,,0,Article,Article
105009215840,Mamba-based multi-scale multi-dimensional keypoint regression network for accurate 3D hand pose estimation,Chen G.,Expert Systems with Applications,2025-12-15,10.1016/j.eswa.2025.128550,,,0,Article,Article
105009124146,A cloud-based intelligent reconstruction method for low-sampling-rate signals in remote condition monitoring of hydraulic pumps,Xu X.,Expert Systems with Applications,2025-12-15,10.1016/j.eswa.2025.128758,,,0,Article,Article
105009460738,DBENet-NPI: Predicting ncRNA-protein interactions based on multi-perspective information and dual-branch encoder network,Zhou Y.,Expert Systems with Applications,2025-12-15,10.1016/j.eswa.2025.128818,,,0,Article,Article
105009326850,Enhancing automatic readability assessment with document and word knowledge fusion,Yang X.,Expert Systems with Applications,2025-12-15,10.1016/j.eswa.2025.128780,,,0,Article,Article
105007063534,FSformer: Sparsely and effectively learning key features for multi-channel speech enhancement,Xu S.,Applied Acoustics,2025-12-05,10.1016/j.apacoust.2025.110858,,,0,Article,Article
105005493090,Measurement error evaluation method for voltage transformers in distribution networks based on self-attention and graph convolutional networks,Zeng X.,Energy Informatics,2025-12-01,10.1186/s42162-025-00525-5,,,0,Article,Article
105009544954,Multi-scheme cross-level attention embedded U-shape transformer for MRI semantic segmentation,Wang Q.,Scientific Reports,2025-12-01,10.1038/s41598-025-06966-y,,,0,Article,Article
105009602607,Dual attention and cross physical-guided Transformers for simultaneous enhancement and super-resolution of underwater imagery,Ding L.,Displays,2025-12-01,10.1016/j.displa.2025.103125,,,0,Article,Article
105000138763,Parallel attention recursive generalization transformer for image super-resolution,Wang J.,Scientific Reports,2025-12-01,10.1038/s41598-025-92377-y,,,0,Article,Article
105000156406,Artificial intelligence-powered prediction of AIM-2 inflammasome sequences using transformers and graph attention networks in periodontal inflammation,Yadalam P.K.,Scientific Reports,2025-12-01,10.1038/s41598-025-93409-3,,,1,Article,Article
105009855176,CLIP-AFIR: A Contrastive Language-Image Pretraining Model for Accurate Fish Individual Fine-grained Re-identification,Quan J.,Aquaculture,2026-10-30,10.1016/j.aquaculture.2025.742885,,,0,Article,Article
105009152781,SceneLLM: Implicit language reasoning in LLM for dynamic scene graph generation,Zhang H.,Pattern Recognition,2026-02-01,10.1016/j.patcog.2025.111992,,,0,Article,Article
105010341373,Text-guided camouflaged object detection,Chen Z.,Pattern Recognition,2026-02-01,10.1016/j.patcog.2025.112058,,,0,Article,Article
105010032171,Prompt-affinity multi-modal class centroids for unsupervised domain adaption,Deng X.,Pattern Recognition,2026-02-01,10.1016/j.patcog.2025.112095,,,0,Article,Article
105009928910,Mamba-YOLO: Multi-level adaptive rectangular convolution for Document Layout Analysis,Ma W.,Pattern Recognition,2026-02-01,10.1016/j.patcog.2025.112031,,,0,Article,Article
105010194333,A generalized neural solver based on LLM-guided heuristic evoluation framework for solving diverse variants of vehicle routing problems,Chi M.,Expert Systems with Applications,2026-01-15,10.1016/j.eswa.2025.128876,,,0,Article,Article
105009701388,Mono- and cross-lingual evaluation of representation language models on less-resourced languages,Ulčar M.,Computer Speech and Language,2026-01-01,10.1016/j.csl.2025.101852,,,0,Article,Article
105010181912,Integrating ensemble learning and Large Language Models for efficient formal verification of IP-based aerospace systems,Ma Z.,Information Fusion,2026-01-01,10.1016/j.inffus.2025.103466,,,0,Article,Article
105007423678,Universal constituency treebanking and parsing: A pilot study,Li J.,Computer Speech and Language,2026-01-01,10.1016/j.csl.2025.101826,,,0,Article,Article
105010218600,Towards enhanced LLM pretraining: Dynamic checkpoint merging via generation quality,Wang Z.,Information Fusion,2026-01-01,10.1016/j.inffus.2025.103415,,,0,Article,Article
105007190991,Graph-empowered Text-to-SQL generation on Electronic Medical Records,Chen Q.,Pattern Recognition,2026-01-01,10.1016/j.patcog.2025.111800,,,0,Article,Article
105009903193,In the beginning was the Word: LLM-VaR and LLM-ES,Pele D.T.,Expert Systems with Applications,2026-01-01,10.1016/j.eswa.2025.128676,,,0,Article,Article
105007162435,MGRAG: MultiModal grid-aware retrieval augmentation generation framework for power grid work tickets,Mao J.,Pattern Recognition,2026-01-01,10.1016/j.patcog.2025.111845,,,0,Article,Article
105009433668,Action Engine: Automatic Workflow Generation in FaaS,Esashi A.,Future Generation Computer Systems,2026-01-01,10.1016/j.future.2025.107947,,,0,Article,Article
105009916299,"Learning about human mathematical dialogue from dialogue with chatbots: Babbling, gargling and funnelling",Gíslason I.,Mathematics Enthusiast,2026-01-01,10.54870/1551-3440.1685,,,0,Article,Article
105007444982,Evaluating large language models for title/abstract screening: a systematic review and meta-analysis & development of new tool,Kim J.K.,Journal of Medical Artificial Intelligence,2025-12-30,10.21037/jmai-24-408,,,0,Article,Article
105007463151,Application of artificial intelligence and ChatGPT in medical writing: a narrative review,Fakharifar A.,Journal of Medical Artificial Intelligence,2025-12-30,10.21037/jmai-24-342,,,0,Review,Review
105007453254,International Classification of Primary Care (ICPC-2) and search engines: an exploration of three algorithms for information retrieval to aid medical coding,de Almeida V.A.,Journal of Medical Artificial Intelligence,2025-12-30,10.21037/jmai-24-341,,,0,Article,Article
105007460009,GPT-4o vs. residency exams in ophthalmology—a performance analysis,Shvartz E.,Journal of Medical Artificial Intelligence,2025-12-30,10.21037/jmai-24-269,,,0,Article,Article
105009246753,LEGN: A large language model-guided event graph network for intraoperative hypotension prediction,Zhu Z.,Expert Systems with Applications,2025-12-15,10.1016/j.eswa.2025.128677,,,0,Article,Article
105009132473,Consistent focus: Mitigating permutation bias in large language models through attention weight averaging,Li K.,Expert Systems with Applications,2025-12-15,10.1016/j.eswa.2025.128726,,,0,Article,Article
105009233204,Multilingual neural machine translation by cascading computational graphs,Qorbani A.,Expert Systems with Applications,2025-12-15,10.1016/j.eswa.2025.128722,,,0,Article,Article
105009234196,ChatSOS: Vector database augmented generative question answering assistant in safety engineering,Tang H.,Expert Systems with Applications,2025-12-15,10.1016/j.eswa.2025.128644,,,0,Article,Article
105009339141,LLM-augmented hierarchical reinforcement learning for human-like decision-making of autonomous driving,Li L.,Expert Systems with Applications,2025-12-15,10.1016/j.eswa.2025.128736,,,0,Article,Article
85218085221,Integrating large language models with internet of things: applications,Zong M.,Discover Internet of Things,2025-12-01,10.1007/s43926-024-00083-4,,,4,Article,Article
85213945217,Building a business email compromise research dataset with large language models,Dube R.,Journal of Computer Virology and Hacking Techniques,2025-12-01,10.1007/s11416-024-00544-y,,,1,Article,Article
105007921601,Research on machine translation of ancient books in the era of large language model,Zhao Z.,Npj Heritage Science,2025-12-01,10.1038/s40494-025-01697-9,,,0,Article,Article
105010331543,Discriminative meets generative: Automated information retrieval from unstructured corporate documents via (large) language models,Levich S.,International Journal of Accounting Information Systems,2025-12-01,10.1016/j.accinf.2025.100750,,,0,Article,Article
105003148582,Instruction multi-constraint molecular generation using a teacher-student large language model,Zhou P.,BMC Biology,2025-12-01,10.1186/s12915-025-02200-3,,,1,Article,Article
105009544344,A large language model for multimodal identification of crop diseases and pests,Wang Y.,Scientific Reports,2025-12-01,10.1038/s41598-025-01908-0,,,0,Article,Article
85218128787,Towards evaluating and building versatile large language models for medicine,Wu C.,Npj Digital Medicine,2025-12-01,10.1038/s41746-024-01390-4,,,3,Article,Article
105008980580,Construction of Q&A methods based on knowledge graphs and large language models-improving the accuracy of landscape pest and disease Q&A,Gu Z.,Smart Agricultural Technology,2025-12-01,10.1016/j.atech.2025.101094,,,0,Article,Article
85218630597,Evaluating and addressing demographic disparities in medical large language models: a systematic review,Omar M.,International Journal for Equity in Health,2025-12-01,10.1186/s12939-025-02419-0,,,5,Review,Review
85214354497,Expert evaluation of large language models for clinical dialogue summarization,Fraile Navarro D.,Scientific Reports,2025-12-01,10.1038/s41598-024-84850-x,,,1,Article,Article
105001262882,LC-LLM: Explainable lane-change intention and trajectory predictions with Large Language Models,Peng M.,Communications in Transportation Research,2025-12-01,10.1016/j.commtr.2025.100170,,,0,Article,Article
105007476349,A survey on the applications of transfer learning to enhance the performance of large language models in healthcare systems,Rahujo A.,Discover Artificial Intelligence,2025-12-01,10.1007/s44163-025-00339-0,,,0,Review,Review
85215758888,Large Language Models lack essential metacognition for reliable medical reasoning,Griot M.,Nature Communications,2025-12-01,10.1038/s41467-024-55628-6,,,7,Article,Article
